name,seq,tm,notes
AB_C8FW,ACTCAAGGACAGACATTTTGAAGC,59.72,Wheat vs rye marker chr_8_1615460_1616640_462_485
AB_C8FCOM,ATTCAGCTTGGCATAGCAGTGTAAC,61.89,Wheat vs rye marker chr_8_1615460_1616640_996_1020
AB_C8R,TCACTGCTCTCCTTGCTCATAACC,62.43,Wheat vs rye marker chr_8_1615460_1616640_1135_1112
AB_C12FW,TTCCTTCTCACTGAGTCACAC,57.26,Wheat vs rye marker chr_12_3595380_3596220_113_133
AB_C12FCOM,TGTACATGGAGTGGAGATTGCG,60.42,Wheat vs rye marker chr_12_3595380_3596220_601_622
AB_C12R,GCTCACCAGCTTTGGTATGTTG,60.1,Wheat vs rye marker chr_12_3595380_3596220_743_722
AB_C10F,AATGCCTTCAGTCCCTATCTGTACTC,61.87,Wheat vs rye marker chr_10_663980_665360_1_26
AB_C10RCOM,ACTACAGAGGAGCAGTGATCAAG,59.55,Wheat vs rye marker chr_10_663980_665360_214_192
AB_C10RW,CCACCATTTGAAGCAAGACCC,59.73,Wheat vs rye marker chr_10_663980_665360_780_760
AB_C18F,ATGCCAACTGTAGTGGTAGCACAG,62.9,Wheat vs rye marker chr_18_259080_261340_1146_1169
AB_C18RCOM,TGATAAAACTAGCATGAGTGCATACTGAC,61.73,Wheat vs rye marker chr_18_259080_261340_1273_1245
AB_C18RW,AACCCTGGTCTAGTCTTTATCAACC,60.05,Wheat vs rye marker chr_18_259080_261340_1656_1632
AB_C8FW_2,TTTGAAGCCCCAGACTGCTATG,60.62,Wheat vs rye marker chr_8_1615460_1616640_478_499
AB_C8FCOM_2,GTGTAACACTCTCCAACTTATTGAG,57.65,Wheat vs rye marker chr_8_1615460_1616640_1014_1038
AB_C8R_2,CCCATAATTTCACTGCTCTCCTTG,59.66,Wheat vs rye marker chr_8_1615460_1616640_1144_1121
AB_SR_F,GACCCTCCTCGATGCTATTG,57.55,Stem rust specific elongation factor 
AB_SR_R,CAGACTTGACTTCAGTCGTCAC,58.95,Stem rust specific elongation factor 